KID,LOCATION,ORIGINAL-OPERATOR,CURRENT-OPERATOR,LEASE,API,ELEVATION,LOGGER,TOOL,TOP,BOTTOM,TEMP,SCANNED,LOG_DATE
"1002939041","T24S R6W, Sec. 6,     NW NW SE","REX & MORRIS & SAGE O&G","","Benton 1","15-155-00061","1583 KB","Strip/Sample Logs","Kansas Sample Log Service","2500","4200","","Scanned","12/03/1958"
"1002939241","T24S R6W, Sec. 10,     NW NW NW","T & M COMPANY","","Haines 1","15-155-00242","1559 KB","Strip/Sample Logs","Kansas Sample Log Service","2600","4171","","Scanned","12/28/1955"
"1002939286","T23S R6W, Sec. 28,     NE NW NE","SIEGRIST GEORGE B SR","","Welty 1","15-155-00287","1566 KB","Strip/Sample Logs","Kansas Sample Log Service","3150","4150","","Scanned","08/10/1958"
"1044044302","T23S R6W, Sec. 29,     NE SE NE","Enterprise (was Ferrell Gas 2)","","Enterprise 1"," ","1588 KB","Eli Wireline Services         ","Temperature Log 2 Hour Run","3772","4773","","Scanned","10/27/1998"
"1044044302","T23S R6W, Sec. 29,     NE SE NE","Enterprise (was Ferrell Gas 2)","","Enterprise 1"," ","1588 KB","Eli Wireline Services         ","Temperature Composite Log","1","4773","","Scanned","10/26/1998"
"1044044302","T23S R6W, Sec. 29,     NE SE NE","Enterprise (was Ferrell Gas 2)","","Enterprise 1"," ","1588 KB","Eli Wireline Services         ","Temperature Log Base Run","1","4773","","Scanned","10/26/1998"
"1044044302","T23S R6W, Sec. 29,     NE SE NE","Enterprise (was Ferrell Gas 2)","","Enterprise 1"," ","1588 KB","Eli Wireline Services         ","Temperature Log Final Run","1","4773","","Scanned","10/27/1998"
"1044044302","T23S R6W, Sec. 29,     NE SE NE","Enterprise (was Ferrell Gas 2)","","Enterprise 1"," ","1588 KB","Eli Wireline Services         ","Temperature Log 4 Hour Run","3769","4774","","Scanned","10/27/1998"
"1044044302","T23S R6W, Sec. 29,     NE SE NE","Enterprise (was Ferrell Gas 2)","","Enterprise 1"," ","1588 KB","Eli Wireline Services         ","Temperature Log 1 Hour Run","3773","4776","","Scanned","10/27/1998"
"1044078491","T23S R6W, Sec. 29,     SE SE NE","Ferrell Gas","","Ferrell Gas  1"," ","1588 KB","Eli Wireline Services         ","Gamma Ray CCL Temperature Log ","3800","4767","","Unscanned","09/24/2001"
"1044078491","T23S R6W, Sec. 29,     SE SE NE","Ferrell Gas","","Ferrell Gas  1"," ","1588 KB","Eli Wireline Services         ","Gamma Ray CCL Temperature Log ","3800","4767","","Scanned","09/24/2001"
"1044078491","T23S R6W, Sec. 29,     SE SE NE","Ferrell Gas","","Ferrell Gas  1"," ","1588 KB","Schlumberger                  ","Formation Microscanner                                               ","3775","4177","","Unscanned","06/27/1993"
"1044078491","T23S R6W, Sec. 29,     SE SE NE","Ferrell Gas","","Ferrell Gas  1"," ","1588 KB","Schlumberger                  ","Formation Microscanner                                               ","4414","4762","","Scanned","07/05/1993"
"1044078491","T23S R6W, Sec. 29,     SE SE NE","Ferrell Gas","","Ferrell Gas  1"," ","1588 KB","Schlumberger                  ","Formation Microscanner                                               ","4414","4762","","Scanned","07/05/1993"
"1044078491","T23S R6W, Sec. 29,     SE SE NE","Ferrell Gas","","Ferrell Gas  1"," ","1588 KB","Schlumberger                  ","Formation Microscanner                                               ","4414","4762","","Unscanned","05/07/1993"
"1044078491","T23S R6W, Sec. 29,     SE SE NE","Ferrell Gas","","Ferrell Gas  1"," ","1588 KB","Schlumberger                  ","Formation Microscanner                                               ","3776","4176","","Scanned","06/27/1993"
"1044078491","T23S R6W, Sec. 29,     SE SE NE","Ferrell Gas","","Ferrell Gas  1"," ","1588 KB","Schlumberger                  ","Formation Microscanner                                               ","3776","4176","","Scanned","06/27/1993"
"1044078491","T23S R6W, Sec. 29,     SE SE NE","Ferrell Gas","","Ferrell Gas  1"," ","1588 KB","Schlumberger                  ","Compensated Neutron Lithodensity Gamma Ray                           ","1058","4178","111","Unscanned","06/27/1993"
"1044078491","T23S R6W, Sec. 29,     SE SE NE","Ferrell Gas","","Ferrell Gas  1"," ","1588 KB","Schlumberger                  ","Compensated Neutron Lithodensity Gamma Ray                           ","1058","4175","111","Scanned","06/27/1993"
"1002939241","T24S R6W, Sec. 10,     NW NW NW","T & M COMPANY","","Haines 1","15-155-00242","1559 KB","Schlumberger                  ","Gamma Ray Neutron                                                    ","2700","4171","","Unscanned","12/12/1955"
"1002939241","T24S R6W, Sec. 10,     NW NW NW","T & M COMPANY","","Haines 1","15-155-00242","1559 KB","Schlumberger                  ","Laterolog Survey                                                     ","170","4168","106","Unscanned","12/12/1955"
"1044078491","T23S R6W, Sec. 29,     SE SE NE","Ferrell Gas","","Ferrell Gas  1"," ","1588 KB","Schlumberger                  ","Formation Density Comp. Neutron Gamma Ray                            ","4157","4759","126","Unscanned","07/05/1993"
"1044078491","T23S R6W, Sec. 29,     SE SE NE","Ferrell Gas","","Ferrell Gas  1"," ","1588 KB","Schlumberger                  ","Formation Density Comp. Neutron Gamma Ray                            ","4157","4759","126","Scanned","07/05/1993"
"1044078491","T23S R6W, Sec. 29,     SE SE NE","Ferrell Gas","","Ferrell Gas  1"," ","1588 KB","Schlumberger                  ","Temperature Log","37","4801","139","Scanned","07/10/1993"
"1044078491","T23S R6W, Sec. 29,     SE SE NE","Ferrell Gas","","Ferrell Gas  1"," ","1588 KB","Schlumberger                  ","Temperature Log","37","4801","139","Scanned","07/10/1993"
"1044078491","T23S R6W, Sec. 29,     SE SE NE","Ferrell Gas","","Ferrell Gas  1"," ","1588 KB","Schlumberger                  ","Temperature Log","37","4801","139","Scanned","07/10/1993"
"1006117634","T23S R6W, Sec. 27,     NE NW NW","DUNNE OIL","Dunne Oil Co.","Bontrager 1-27","15-155-21064","1555 KB","Welex                         ","Dual Guard-Forxo Log                                                 ","0","2998","106","Unscanned","08/31/1985"
"1002939041","T24S R6W, Sec. 6,     NW NW SE","REX & MORRIS & SAGE O&G","","Benton 1","15-155-00061","1583 KB","Welex                         ","Radiation Guard Log                                                  ","0","4197","112","Unscanned","10/11/1958"
